{"cameraMode":{"drawMode":0,"name":"Shaded","section":"Shading Mode"},"sceneLighting":false,"audioPlay":false,"sceneViewState":{"m_AlwaysRefresh":false,"showFog":true,"showSkybox":false,"showFlares":true,"showImageEffects":true,"showParticleSystems":true,"showVisualEffectGraphs":true,"m_FxEnabled":true},"in2DMode":false,"pivot":{"x":-0.03151893615722656,"y":6.2198333740234379,"z":-6.2304534912109379},"rotation":{"x":0.132870614528656,"y":0.08907059580087662,"z":-0.011990230530500412,"w":0.9870497584342957},"size":12.12435531616211,"orthographic":false}